Periodo,IAI,TDU,M,CONF_MAN,IPC,TC,TIIE_28,SP_500,IPI_EUA,ANTAD,PROD_VEH, OCUP_HOT ,GASOLINAS,IMSS,REMESAS,M4,X,PEDIDOS_MANU,IGAE,IMEF,INPC,PRECIO,U_US,TOTAL_NONFARM,TOTAL_CONSTR,TOTAL_MANUF,TOTAL_SERV,MANUF_USA
2005/01,93.32201546,4.493663676,17715.89962,40.7591998,13097.12,11.26067419,8.968333333,1181.27002,95.9285,74.27195946,97025,82.4,632.488645,12697125,1367.5563,2779.174451,16375.90199,50.81220581,84.6,55.77169991,58.30916037,31.94055556,5.3,132778,7095,14257,89084,97.9992
2005/02,93.46070163,4.684742323,17682.02703,41.40394006,13789.46,11.14702857,9.467,1203.599976,96.6287,59.72206503,131553,87.5,659.1220557,12788890,1428.377,2771.518908,16706.82719,52.21196388,84.8,56.57521573,58.50343099,32.84058824,5.4,133033,7153,14273,89253,98.9195
2005/03,93.22249158,4.873268899,17503.22571,41.87498404,12676.9,11.13873548,9.777,1180.589966,96.4907,66.86115918,120039,87.4,681.8303618,12799019,1691.5896,2792.831721,16721.594,51.86724138,84.6,56.59108055,58.76712098,38.11473684,5.2,133153,7181,14269,89347,98.4306
2005/04,93.575456,4.599642419,17994.76966,43.36967649,12322.99,11.12668667,10.01428571,1156.849976,96.6809,67.12844825,141059,81.8,666.0531192,12852756,1753.3032,2793.41806,17492.95046,53.67425851,85.0,53.90763112,58.97641519,39.84,5.2,133516,7266,14250,89626,98.8366
2005/05,95.07817465,5.05381775,17746.98817,42.74402641,12964.39,10.98908387,10.12227273,1191.5,96.7925,71.40116871,136441,77.6,664.9803928,12884166,2057.2773,2789.241738,17238.27639,48.72411726,85.4,54.23623598,58.82825146,39.64157895,5.1,133687,7294,14256,89734,99.1139
2005/06,93.47183573,4.660327605,18193.04577,44.63423632,13486.13,10.83101667,10.01,1191.329956,97.19,69.34277116,133478,79.7,687.4759877,12911021,1923.2802,2844.573683,17911.39132,51.56719056,84.7,55.95087164,58.77178347,44.10545455,5,133940,7333,14227,89992,99.3489
2005/07,91.53270948,4.700291503,18266.21927,44.15103797,14409.66,10.69057097,10.0147619,1234.180054,96.8981,80.96817537,102788,75.2,653.4838665,12904401,1840.3006,2879.277886,17183.67077,51.69236864,84.9,56.80688895,59.00179988,45.7975,5,134297,7353,14226,90235,99.0157
2005/08,94.42445662,4.809245238,18388.47366,42.85214138,14243.19,10.66766452,9.984347826,1220.329956,97.2223,75.1857943,155642,76.2,687.8465226,13014610,2059.2229,2882.81312,17912.5403,48.53718657,86.0,55.18596524,59.07225536,50.3255,4.9,134495,7394,14203,90405,99.5702
2005/09,94.26875335,4.381392412,18451.75378,44.29914633,16120.08,10.78028333,9.649285714,1228.810059,95.3463,73.1072528,152128,61.3,691.0460672,13114254,1885.9905,2936.753831,18239.60106,52.2012679,86.0,54.74257223,59.30900649,51.48142857,5,134551,7415,14175,90480,98.4303
2005/10,94.56746668,4.291129545,19291.949,45.25909981,15759.73,10.83860968,9.408452381,1207.01001,96.4981,74.1795159,175474,52.3,662.2290538,13234501,1862.2776,2999.144845,18744.08064,52.98066621,86.3,55.1308288,59.45457994,48.2352381,5,134644,7460,14192,90523,99.9001
2005/11,96.18727702,4.240343093,20002.13967,44.00129252,16830.96,10.68757,9.1675,1249.47998,97.5646,74.4030848,180907,40.5,704.581052,13327162,1886.9538,3029.507653,19517.07837,53.29501804,87.1,55.24670967,59.88249335,42.35555556,5,135001,7524,14187,90784,100.8458
2005/12,97.81457719,4.163173026,20720.17036,44.92500893,17802.71,10.61519355,8.721785714,1248.290039,98.0222,116.6790846,139960,63.9,754.1894213,13061565,1932.142,3169.019576,20177.45669,51.91040857,87.6,55.80270007,60.25031239,44.622,4.9,135161,7533,14193,90906,100.9394
2006/01,97.28844319,4.285921458,20211.19616,41.96515289,18907.1,10.56963871,8.412045455,1280.079956,98.2044,83.96550949,160681,78.1,688.0326358,13174495,1758.3057,3135.131561,21197.4969,51.92743176,89.1,57.4431272,60.60362589,50.32647059,4.7,135425,7601,14210,91111,101.7622
2006/02,96.66726323,4.497446048,20509.50114,47.70949022,18706.32,10.48425714,7.968289474,1280.660034,98.2404,66.37168282,172343,84.9,705.730275,13285285,1823.1898,3198.706257,20325.97642,49.58612542,88.4,54.76653391,60.69635773,48.26578947,4.8,135731,7664,14209,91318,101.4658
2006/03,97.47967984,4.249143167,20768.64426,47.04889053,19272.63,10.69771935,7.677159091,1294.869995,98.4742,74.15911664,199221,84,725.5729166,13392387,2152.8362,3329.175586,20258.10531,53.20569772,88.4,54.87461728,60.77251181,51.10636364,4.7,136040,7689,14214,91566,101.4176
2006/04,97.79967761,4.421130663,21080.80007,46.24764312,20646.19,11.02994333,7.514722222,1310.609985,98.7765,80.79101908,137902,79.1,696.9551237,13402509,2072.7017,3417.69129,20801.29006,52.05718357,88.9,55.7338479,60.86161727,57.675,4.7,136211,7726,14226,91662,101.7898
2006/05,98.88045669,4.156329686,21575.11684,48.27667112,18677.92,11.07151613,7.319772727,1270.089966,98.7884,82.56523758,178187,71.9,735.8291563,13486515,2534.599,3419.337179,20890.39906,52.34047686,89.7,54.90274646,60.59067451,56.88777778,4.6,136247,7713,14203,91724,101.5625
2006/06,98.33671477,4.725661243,21391.24861,46.19037691,19147.17,11.38702333,7.333409091,1270.199951,99.1069,80.57653408,200831,71.1,732.3047774,13550640,2340.2623,3485.92594,20836.43291,50.93799476,89.4,54.89572216,60.64299806,55.46818182,4.6,136328,7699,14213,91808,101.9031
2006/07,98.42753613,4.859620219,21377.06129,46.10129935,20095.93,11.03921613,7.311666667,1276.660034,99.0357,92.15261543,125657,74.6,708.6910375,13604538,2191.6469,3409.114594,20685.84647,51.23216017,89.6,54.39862054,60.80929371,60.23263158,4.7,136522,7712,14188,91959,101.6034
2006/08,98.96490218,4.517950515,21645.5789,51.14317445,21049.35,10.87617097,7.300778261,1303.819946,99.4583,86.91004193,186769,70.2,739.2354786,13676931,2334.2835,3393.810226,21226.62406,51.91775925,89.8,54.21910766,61.11960865,60.78454545,4.7,136688,7720,14159,92106,102.4112
2006/09,98.71860262,4.833053293,22096.72771,51.86058761,21937.11,10.97558333,7.308385714,1335.849976,99.2544,84.55996743,172278,48.1,728.3270823,13756687,2140.9586,3422.090961,20667.01278,52.13923346,89.7,54.67294725,61.73661213,51.62111111,4.5,136824,7718,14125,92205,102.4877
2006/10,98.43654263,4.725449554,21971.99846,48.86126128,23046.95,10.91244839,7.313331818,1377.939941,99.1514,84.07162403,188210,54.7,716.3135015,13894328,2316.5244,3401.378027,21159.61208,52.64873722,90.0,54.51659729,62.00651878,48.08571429,4.4,136848,7682,14075,92324,102.0098
2006/11,98.60063934,4.804883198,21565.16263,49.55269955,24962.01,10.87905,7.302225,1400.630005,99.0974,86.4900443,201599,68.5,746.9849227,13981314,1962.802,3478.285175,20873.11026,51.87333492,89.6,53.33050965,62.3318573,48.51647059,4.5,137069,7666,14041,92578,102.1152
2006/12,98.18327008,4.706226361,22029.11273,49.56540582,26448.32,10.87084194,7.338127778,1418.300049,100.1117,134.3365143,135674,67.7,785.1975332,13678492,1938.7249,3676.037795,21130.29948,52.65906415,90.2,53.60080009,62.69242357,50.05875,4.4,137253,7685,14015,92761,103.6789
2007/01,97.77789507,4.87365354,21900.70059,51.9737323,27561.49,10.93192258,7.405068182,1438.23999,99.7226,92.29825728,139261,76.7,732.7274284,13794601,1872.9292,3575.554047,20503.15582,53.09470022,90.1,53.59349893,63.01620793,43.4325,4.6,137476,7725,14008,92942,103.2709
2007/02,98.42671612,4.757323812,22279.2918,52.4779679,26638.95,10.981975,7.456642105,1406.819946,100.6919,74.33263481,156704,82,744.027457,13908701,1856.7782,3583.742507,21322.18574,52.46849148,90.3,54.34510522,63.19234663,47.69333333,4.5,137554,7626,13997,93089,103.6517
2007/03,99.31716331,5.090269104,22391.80689,52.71275522,28747.69,11.12236774,7.455390476,1420.859985,100.8857,84.18855842,175563,81.2,772.3754384,13973905,2186.5239,3659.995688,21524.9277,50.81054211,90.8,54.23637808,63.32911314,50.09142857,4.4,137781,7706,13970,93241,104.5857
2007/04,98.99616257,4.825739434,22820.17106,53.22984174,28996.71,10.99080667,7.466647368,1482.369995,101.5777,87.01229325,153375,78.3,734.8240808,14043649,2166.564,3595.898097,21522.64049,51.04391552,91.0,52.89819013,63.29129513,54.61368421,4.5,137843,7686,13945,93319,105.2798
2007/05,99.10392241,4.628719894,23498.58109,50.49497333,31398.96,10.83582258,7.699777273,1530.619995,101.6481,89.35840583,183863,67.9,779.9790054,14072151,2411.7694,3668.240254,22236.78307,53.33384326,91.2,53.00296463,62.98253436,55.6165,4.4,137993,7673,13929,93477,105.2647
2007/06,99.62720898,4.623247879,23995.94296,50.61259815,31151.05,10.83518667,7.703552381,1503.349976,101.6741,89.88885946,197839,68.3,781.6488833,14089092,2300.5755,3677.291711,22532.04561,52.63313437,91.8,52.55255519,63.05817039,60.12190476,4.6,138072,7687,13911,93541,105.6801
2007/07,99.29940492,4.45372273,23211.029,51.68493575,30659.66,10.79959355,7.704127273,1455.27002,101.5627,99.02061556,155326,75.4,754.1924074,14156216,2369.4892,3676.038655,22513.40477,52.95432984,91.8,53.09699809,63.32600481,64.89571429,4.7,138042,7660,13889,93594,105.7557
2007/08,98.38317804,4.536308667,23890.18162,52.00119386,30347.86,11.04242903,7.70876087,1473.98999,101.7751,94.56907294,221913,64.3,777.2697149,14224297,2412.1251,3816.40371,23400.92381,50.54815481,91.8,51.90055838,63.58399619,61.60545455,4.6,138017,7610,13828,93626,105.5295
2007/09,99.69729842,4.84308596,24451.5283,51.61385623,30296.19,11.03761667,7.70401,1526.75,102.0279,94.3429012,185776,49.5,740.351118,14283377,2186.1334,3816.0916,23888.90135,51.3914327,92.4,53.09551823,64.07770259,66.26368421,4.7,138103,7577,13790,93730,105.8948
2007/10,99.22971028,4.870797693,24178.89646,53.02690038,31458.67,10.84063226,7.732717391,1549.380005,101.7289,90.68194784,205259,56.4,786.6382326,14441717,2367.6428,3853.925366,23245.07065,49.99214217,92.3,54.12063344,64.32740509,72.04590909,4.7,138174,7565,13764,93821,105.7554
2007/11,98.5549217,4.564233997,24330.91151,56.19721854,29770.52,10.85821333,7.933765,1481.140015,102.3185,94.62099725,190881,68.2,786.079211,14539497,1958.5217,3938.4128,24482.20709,52.03092855,91.8,54.78879702,64.78122126,80.92842105,4.7,138292,7523,13757,93943,106.3892
2007/12,99.65754821,4.755134961,24607.40933,51.49142549,29536.83,10.85205806,7.932557895,1468.359985,102.3074,146.1712901,131210,67.6,828.187097,14207706,1969.7657,4069.571448,24256.06905,52.17403267,92.1,53.69850492,65.04905568,78.538125,5,138398,7490,13746,94046,106.4737
2008/01,98.70211145,4.750125388,25588.33218,49.15381345,28793.64,10.91740645,7.925986364,1378.550049,102.1686,99.68147399,172335,75.7,772.9458512,14315318,1781.6996,4117.81068,24396.83336,55.58182973,92.4,53.23444986,65.35056368,79.5247619,5,138399,7476,13725,94063,106.2347
2008/02,99.73782577,4.756849134,25776.66633,45.56148862,28918.52,10.78461379,7.92832,1330.630005,101.7673,83.48942417,180177,82.7,792.275629,14396101,1859.7116,4124.363966,24208.42764,51.79181766,92.4,51.50925457,65.5448343,80.43526316,4.9,138323,7453,13696,94009,105.4327
2008/03,98.80793646,4.645742093,25854.49341,44.03106463,30912.99,10.73085484,7.931205556,1322.699951,101.3986,95.29358935,156980,82.2,781.5913228,14400376,2116.3465,4119.809822,25368.32644,50.82889942,91.9,51.36551109,66.01989072,88.65666667,5.1,138255,7406,13659,93993,104.9422
2008/04,98.43227884,4.398370873,26642.14018,38.95490227,30281.41,10.52556333,7.935522727,1385.589966,100.7238,89.63514697,194447,74.2,804.4192103,14480066,2184.6854,4185.379739,25886.82305,51.29894862,92.9,51.91214795,66.17012666,93.34227273,5,138038,7327,13599,93908,103.8964
2008/05,98.344978,4.339833797,26378.03666,40.67449529,31975.47,10.45804194,7.9327,1400.380005,100.1399,97.91763005,184284,66.1,820.2003535,14443848,2371.6245,4251.449779,25586.66239,50.20998223,92.6,51.82411163,66.09863507,106.1715789,5.4,137847,7274,13564,93764,103.3681
2008/06,99.76381059,4.427149042,26374.9834,40.65480625,29395.49,10.32861667,8.00232381,1280,99.9141,96.67354805,202725,67.4,795.4563312,14472908,2264.5868,4230.063521,25926.61028,50.78554279,93.4,50.63630225,66.3721681,115.3652381,5.6,137689,7213,13504,93689,102.6801
2008/07,97.91159388,4.814476125,27895.39298,38.58950372,27501.02,10.23760968,8.282869565,1267.380005,99.4943,102.5021227,150649,71.6,817.9590632,14483011,2183.1569,4336.440512,26879.11544,50.15619577,93.4,49.02986618,66.74205936,122.3977273,5.8,137492,7160,13430,93564,101.5866
2008/08,97.8408633,4.836194793,27542.82548,38.51100293,26290.99,10.09196452,8.557619048,1282.829956,97.9367,102.5656684,210549,67,789.6945475,14460993,2097.565,4306.927606,25838.70361,50.92388181,92.4,49.26714391,67.12749227,108.169,6.1,137209,7114,13358,93392,100.2909
2008/09,96.81394366,4.738540263,26113.33009,31.12725878,24888.9,10.60434,8.660357143,1166.359985,93.6585,95.08226639,195268,46.9,796.4317791,14526347,2113.8022,4315.010323,24098.67753,49.61340777,92.1,47.61972144,67.58493481,93.273,6.1,136758,7044,13275,93119,96.7426
2008/10,97.25625694,4.934658259,25315.18056,21.90298729,20445.32,12.48947419,8.676413043,968.75,94.5845,93.44241464,220123,52,800.5150243,14564570,2637.7129,4351.414093,22730.33836,48.93601308,92.3,44.85574404,68.04548569,64.37913043,6.5,136294,6967,13147,92850,96.1906
2008/11,95.67937843,5.621612192,24029.65805,17.38889749,20534.72,13.09469,8.733947368,896.23999,93.3455,104.0330915,175739,64,774.8905962,14505253,1752.1841,4399.287112,21108.93626,47.96526297,91.1,44.99539261,68.81894178,41.71647059,6.8,135546,6813,13034,92362,93.7687
2008/12,94.62557992,5.882510932,19712.31981,9.659451877,22380.32,13.37362903,8.73967619,903.25,90.7183,139.6836238,127244,68.1,858.962729,14178117,1781.9097,4660.481303,17974.79061,47.17003866,90.0,44.60302941,69.29555236,32.98526316,7.3,134849,6701,12850,91972,90.5617
2009/01,90.48808391,5.83040493,18881.34252,11.32417217,19565.14,13.86394194,8.414766667,825.880005,88.4683,101.855131,84749,64.2,780.5536074,14073102,1572.9751,4692.168643,17527.09912,46.16878186,86.8,43.98304435,69.45614941,38.069,7.8,134069,6567,12561,91601,87.6202
2009/02,89.71958268,6.060338462,18624.58904,7.768161614,17752.18,14.50218571,7.936594737,735.090027,87.936,82.85945484,109961,71.1,792.5128733,14026501,1810.7913,4727.573822,17446.96179,46.12532878,86.6,44.6062925,69.60949368,37.86888889,8.3,133311,6446,12380,91160,87.6267
2009/03,89.38852456,6.086563162,18083.40801,14.15746262,19626.75,14.72082581,7.642738095,797.869995,86.5503,93.0077349,105977,68,785.3382064,14039826,2115.1062,4696.226674,17385.6687,47.04550902,86.5,46.33076745,70.00995018,41.48380952,8.7,132493,6291,12208,90706,86.0842
2009/04,89.63236656,6.787211998,17676.54415,17.6994433,21898.85,13.47903,6.677365,872.809998,85.8598,95.39850456,103864,64.4,796.6963455,13979608,1794.7984,4707.236532,17532.32951,47.63961523,85.4,45.82141623,70.25499019,46.35,9,131825,6154,12030,90254,85.5305
2009/05,89.09806927,7.10102256,17400.52499,17.84248089,24331.71,13.25065161,5.779955,919.140015,84.9991,99.13859159,111025,26.6,759.0705553,13868132,1905.4983,4656.478685,17250.29711,47.51169208,85.1,44.47782062,70.05035847,56.43578947,9.4,131470,6100,11862,90198,84.6169
2009/06,89.21923943,6.36963747,18702.48516,21.37208149,24368.38,13.34373667,5.261845455,919.320007,84.7277,94.26336967,105468,40.6,823.5659218,13871175,1934.0212,4702.993428,18201.95838,47.99029566,86.4,47.39521779,70.17935416,63.85761905,9.5,131002,6010,11726,90004,84.4011
2009/07,90.72748715,6.78414254,19117.32131,22.46593573,27043.5,13.36679355,4.9172,987.47998,85.7091,103.8276385,113569,53,817.3367083,13887498,1850.2274,4750.449839,18164.45169,49.11564016,87.9,49.03551528,70.37051645,60.66045455,9.5,130661,5932,11668,89862,85.8299
2009/08,90.56869053,6.989699848,19757.25021,20.84185766,28129.95,13.01393548,4.889409524,1020.619995,86.6333,105.6090442,139694,49.8,787.2354739,13918843,1799.4038,4708.587599,19410.84811,49.93636699,87.6,50.38104335,70.53888432,67.516,9.6,130480,5855,11626,89793,86.8097
2009/09,91.19147639,7.598703202,20567.57551,25.03559752,29232.24,13.40756667,4.911104762,1057.079956,87.3615,96.71909616,150916,35.4,790.2660993,13992494,1747.2127,4713.628507,20266.07679,51.70508044,88.0,51.12670672,70.89271587,64.0147619,9.8,130240,5787,11591,89746,87.6987
2009/10,91.70412993,6.914806042,20598.47797,28.36405686,28646.03,13.25259032,4.925272727,1036.189941,87.5488,98.18207141,190630,41.6,807.2290842,14073749,1695.9575,4838.298036,21130.45737,51.6366143,88.6,51.19704162,71.10719063,69.02863636,10,130062,5716,11538,89624,87.7057
2009/11,92.80005423,6.327759561,22437.76627,26.37596793,30957.11,13.13145,4.931168421,1095.630005,87.9144,103.9719837,184361,51.2,785.3836105,14192197,1510.8202,4871.388499,22578.37138,51.93466055,89.4,51.49345474,71.47604578,72.59210526,9.9,130059,5696,11509,89657,88.6429
2009/12,93.02970256,6.204184335,22509.21748,29.09758231,32120.47,12.85556129,4.930613636,1115.099976,88.2318,150.3735836,158972,55.5,877.4699302,14006404,1569.5206,4988.876194,22607.88401,52.62178709,89.8,52.12155456,71.77185517,69.43904762,9.9,129808,5654,11475,89534,88.5293
2010/01,94.19661675,6.721108643,22498.85781,26.63264436,30391.61,12.83262903,4.91003,1073.869995,89.1936,106.3821347,171504,57.6,762.0480091,14076279,1323.8241,4918.091291,22585.36393,53.68912306,89.8,52.76313925,72.55204598,72.07210526,9.8,129798,5580,11460,89598,89.5694
2010/02,93.04123392,6.230230051,23274.26218,32.37095308,31634.54,12.96184643,4.917342105,1104.48999,89.5089,85.83928336,172338,65.2,802.7274431,14204647,1553.4585,4919.903358,23167.66814,53.84296626,90.2,53.16520494,72.97167051,69.58315789,9.8,129700,5500,11453,89596,89.5897
2010/03,94.47485357,6.233734518,24413.19206,37.61907904,33266.43,12.60465161,4.923181818,1169.430054,90.1449,96.40090402,196198,66.3,839.9401497,14341056,1954.8462,4948.233401,23907.01462,53.25403062,90.8,52.99867945,73.48972549,72.37478261,9.9,129864,5537,11453,89674,90.8003
2010/04,96.23844792,6.51438423,24995.27795,40.77988269,32687.32,12.26208,4.937015,1186.689941,90.474,95.69953084,176239,62.6,802.8726129,14408942,1794.7704,4996.163234,24963.92017,52.84169904,91.6,52.72134502,73.25556464,75.3295,9.9,130115,5553,11489,89817,91.6306
2010/05,94.84349389,6.165106085,25244.68961,44.13669761,32038.53,12.68246774,4.94352381,1089.410034,91.7131,106.8502834,185310,54.9,808.3288694,14433952,2146.2064,5070.400227,24702.3959,53.76309763,91.6,52.65547883,72.79397765,66.63611111,9.6,130645,5520,11525,89908,92.8472
2010/06,94.72011645,6.599937501,24391.68436,45.35002065,31156.97,12.71818333,4.937654545,1030.709961,91.9287,100.1784911,213334,54.4,829.940593,14480255,1894.8869,5090.236267,23522.57752,53.33314813,91.5,52.21969817,72.77118323,67.14,9.4,130501,5516,11545,89999,92.8513
2010/07,94.27276695,6.300263121,24715.33203,46.04326873,32308.74,12.83340645,4.919290909,1101.599976,92.2737,110.8045136,186405,63.6,806.7796206,14518395,1874.4402,5187.667368,24233.17912,52.52560473,91.7,52.5423982,72.92919,68.57,9.4,130420,5508,11561,90074,93.3609
2010/08,95.23851881,5.63352376,25543.24874,47.98797874,31679.85,12.72952258,4.904209091,1049.329956,92.615,109.4026941,211722,56.5,798.5586917,14593979,1957.7357,5286.095438,25451.1485,52.37322656,92.0,52.66163176,73.1317495,69.94142857,9.5,130424,5524,11553,90211,93.5501
2010/09,94.79426676,6.443640686,25377.91218,48.36304469,33330.34,12.86421,4.90063,1141.199951,92.8668,102.036265,204054,44,792.7075574,14701487,1718.9603,5296.00352,25402.04083,51.54577106,92.5,51.55279507,73.51511019,69.825,9.5,130339,5501,11563,90305,93.6355
2010/10,94.75217082,6.355262546,26439.1577,49.4051433,35568.22,12.4556871,4.870790476,1183.26001,92.6138,107.0309673,228482,48.4,790.3771928,14829981,1731.0322,5471.975547,25750.93085,52.79037288,92.4,51.93852737,73.96892635,74.64947368,9.4,130620,5508,11562,90522,93.6834
2010/11,94.64085927,6.349903855,26719.18692,50.05160352,36817.32,12.31381,4.865165,1180.550049,92.6772,105.0515221,215991,56.8,815.9965878,14965625,1631.8941,5414.738055,26963.39631,53.4911576,92.5,52.59172033,74.56158125,76.67166667,9.8,130754,5506,11585,90639,93.7922
2010/12,95.62118287,6.746005178,27321.64661,50.15042375,38550.79,12.40058065,4.887456522,1257.640015,93.5741,159.8775322,178643,57.5,869.2326826,14738783,1721.827,5618.257399,27106.76433,53.00217313,93.3,52.02411468,74.93095445,81.747,9.3,130835,5467,11595,90773,94.2651
2011/01,95.53205585,5.964533054,27842.31124,50.14845047,36982.24,12.15320645,4.858990476,1286.119995,93.3793,113.2684056,207790,61.8,763.0884875,14787440,1403.1694,5624.044046,28941.55098,53.70512414,93.4,53.54422362,75.29599135,84.52052632,9.1,130842,5427,11621,90799,94.3664
2011/02,95.11992606,6.084430913,28295.69116,50.35511078,37019.7,12.07712143,4.841063158,1327.219971,93.0051,90.5034157,203497,67.9,801.5602857,14893818,1651.0566,5666.671669,27950.71465,53.73128082,93.6,53.28118211,75.57846024,89.81263158,9,131052,5451,11654,90993,94.5685
2011/03,95.79647667,5.96112259,28459.87154,50.14182593,37440.51,12.01917097,4.840768182,1325.829956,93.978,99.73200237,255331,68.7,822.8699282,15003502,2055.9125,5693.473963,28844.98544,54.09164077,94.1,52.81788846,75.72345093,102.1163636,9,131277,5477,11675,91179,95.2124
2011/04,96.35563207,5.434609804,28205.40023,49.13136584,36962.62,11.75536333,4.846084211,1363.609985,93.6525,108.9760254,167641,66,819.7507952,15022588,1880.8948,5795.276082,28398.68068,52.79615417,93.3,52.91277601,75.71744095,110.4225,9.1,131604,5485,11704,91463,94.6472
2011/05,96.95311899,6.155951007,29376.16802,50.55938123,35832.79,11.65233548,4.847154545,1345.199951,93.7878,108.6620534,232729,56.3,801.9718138,15050810,2168.5078,5883.9595,29597.28142,53.58252881,94.6,53.32230551,75.15926438,103.9289474,9,131704,5516,11713,91568,94.6682
2011/06,97.92034897,6.232248765,30210.46874,50.13144297,36558.07,11.80157,4.845422727,1320.640015,94.0378,106.7003372,246037,56.5,822.0694071,15090360,2022.3112,5957.182547,29734.452,54.09138243,95.1,53.00918144,75.15550814,102.8245455,9.1,131936,5528,11727,91728,94.7599
2011/07,97.56395831,6.124965531,29998.4315,51.73287337,35999.34,11.67069355,4.821342857,1292.280029,94.5146,121.4549198,212513,65.8,777.3847791,15131332,1906.7078,6038.80339,29360.34221,54.31318396,95.5,52.5875708,75.51610674,105.298,9,131991,5547,11746,91848,95.3321
2011/08,97.86719759,6.030962779,29234.5869,47.79787695,35721.1,12.2,4.808,1218.890015,95.1263,114.8782489,233301,59.6,817.8892801,15202180,2143.8956,6217.445171,29176.69573,53.74329043,96.1,52.47894462,75.63555502,98.311,9,132124,5552,11764,91987,95.7869
2011/09,97.11372734,5.846988598,30235.47939,47.76275015,33503.28,12.92340667,4.777595238,1131.420044,95.0732,111.4974478,236540,46.7,801.1040088,15315651,2085.9703,6245.646578,28981.46951,53.07612623,96.2,49.97963024,75.82111305,100.1609524,9,132345,5584,11769,92195,96.0685
2011/10,99.14074677,5.770779741,29462.15022,47.15584328,36159.99,13.46867742,4.794266667,1253.300049,95.7291,117.199704,253651,50.9,787.0239548,15445527,1912.6401,6359.056315,29059.20655,53.49558452,96.3,52.75353855,76.3327123,101.6547619,8.8,132557,5588,11780,92372,96.587
2011/11,99.8820966,6.045408944,29839.44453,46.51729684,36829.15,13.63712333,4.799825,1246.959961,95.7455,124.2556203,242259,59.2,816.6489774,15550167,1785.8739,6385.071461,29711.03267,52.95134905,97.1,53.44565052,77.15833283,107.4157895,8.6,132701,5593,11770,92542,96.4209
2011/12,100.2008795,5.613705369,30241.95382,44.50050226,37077.52,13.74812903,4.798061905,1257.599976,96.2147,169.5504438,192083,62,859.6987102,15350335,1786.0316,6696.737942,30000.35526,53.1350336,96.8,53.33799171,77.79238536,104.672,8.5,132901,5611,11802,92703,97.0218
2012/01,99.24203749,5.340950469,30484.99775,47.5690364,37422.68,13.48801613,4.787345455,1312.410034,96.8051,120.0758538,215365,66.1,783.6666313,15427859,1506.3264,6756.553372,30824.82605,52.88687243,97.4,52.65628396,78.34304946,107.2905556,8.3,133246,5626,11838,92996,97.9284
2012/02,99.25287698,6.296706192,31104.53566,48.33342884,37816.69,12.80355862,4.78423,1365.680054,97.1033,98.63407572,253910,71.1,802.0395756,15563594,1788.2346,6788.577273,31310.5792,53.26774943,97.6,52.84069975,78.50231384,110.7065,8.3,133518,5629,11860,93236,98.3492
2012/03,99.6090715,5.907632756,30519.41456,46.58639255,39521.24,12.75780968,4.769252381,1408.469971,96.5973,109.22235,280444,71.9,826.5825784,15695679,2091.6655,6909.560156,31208.66,52.80673916,97.9,53.89230243,78.54738867,114.7172727,8.2,133744,5625,11898,93429,97.8244
2012/04,100.3437198,5.712547559,31398.24292,45.40597293,39461,13.02576,4.743826316,1397.910034,97.3006,113.6000329,219508,70.7,791.9950348,15706159,2031.5033,6944.225441,31340.31226,53.19633676,98.2,53.29186732,78.30097963,110.7311765,8.2,133827,5618,11916,93512,98.3617
2012/05,100.1572037,5.960104487,31138.2611,43.91055205,37872.95,13.53816129,4.760209091,1310.329956,97.5046,117.5022076,240113,60.9,834.0293319,15731556,2342.5053,7037.153565,31148.31389,53.1474117,97.9,55.27420831,78.05381934,102.4655,8.2,133935,5604,11927,93638,98.0749
2012/06,100.5162432,5.646815308,29898.82523,43.57812248,40199.55,13.97611,4.763290476,1362.160034,97.4903,117.5046015,280645,62,832.4839079,15806830,2096.1395,7208.221851,30052.02125,53.67164614,98.6,53.29538954,78.41366669,89.546,8.2,134007,5621,11936,93666,98.3996
2012/07,101.637778,5.572940741,30552.67319,43.22215505,40704.28,13.39194516,4.777890909,1379.319946,97.7234,127.3636975,250811,69.9,795.6273853,15849227,1862.7014,7304.81717,30405.77906,54.0293002,99.1,52.32431909,78.85389747,94.66190476,8.2,134153,5632,11964,93793,98.263
2012/08,100.2849876,5.867511231,30118.58413,44.87372689,39421.65,13.18332903,4.788165217,1406.579956,97.313,121.724787,260543,62.7,810.9247047,15920256,1889.6558,7348.650361,30587.63389,54.23542715,98.6,53.47063338,79.0905403,101.8775,8.1,134330,5648,11960,93956,98.1349
2012/09,101.0169453,5.509401505,30658.59927,45.5947718,40866.96,13.00449333,4.802305,1440.670044,97.2405,122.4886891,263167,50.5,781.4237632,16033095,1661.5842,7415.432734,30473.46342,54.85912085,99.0,54.48711189,79.43911894,102.6968421,7.8,134512,5661,11954,94126,97.9375
2012/10,99.86374372,5.816273012,31768.53708,47.2082055,41619.96,12.86914516,4.816973913,1412.160034,97.561,118.7727768,294022,56,820.6753165,16182408,1771.3108,7516.286881,30575.78786,54.13623393,99.1,53.96321476,79.84103612,99.875,7.8,134671,5674,11961,94296,97.784
2012/11,100.6034445,5.902854811,31725.68637,48.15261667,41833.52,13.10151667,4.842805,1416.180054,97.9589,134.0598161,274484,66.2,810.906264,16294936,1692.2529,7590.29681,31135.45087,54.45892116,100.2,52.65239203,80.3834365,94.88666667,7.7,134834,5684,11950,94474,98.4044
2012/12,99.45991187,5.982000988,31065.73901,46.58904012,43705.83,12.87298387,4.842089474,1426.189941,98.2061,175.0047475,189935,65.7,840.5594521,16062043,1704.4423,7814.348863,31261.95518,54.30085576,99.5,53.19116097,80.56824328,95.43210526,7.9,135075,5724,11960,94656,99.1269
2013/01,100.1152933,6.156352858,32000.08398,49.48522188,45278.06,12.71281935,4.841322727,1498.109985,98.199,122.6870837,252130,68.7,778.439134,16106212,1530.9493,7922.843536,30713.18088,51.5051181,99.7,52.85953837,80.89278202,100.9935,8,135265,5746,11983,94815,98.8816
2013/02,100.4946444,5.699352638,32141.48584,51.39780799,44120.99,12.71638214,4.823110526,1514.680054,98.6835,100.0130276,255632,74.2,795.891367,16227085,1653.7933,7887.801951,31282.14372,53.1198082,99.5,51.68783594,81.29094297,108.0282353,7.7,135544,5784,11996,95025,99.366
2013/03,100.055677,5.761975788,32264.52631,50.5047912,44077.09,12.54896129,4.482366667,1569.189941,99.0994,116.5013069,248281,76.2,784.7489887,16281079,1855.5856,8037.338888,31766.25237,53.44460956,99.6,52.07362222,81.88743314,103.8775,7.5,135689,5802,11999,95159,99.3249
2013/04,98.97543113,6.322757774,32237.93,51.08890638,42263.48,12.21560333,4.334563636,1597.569946,98.9898,110.2897949,251914,70.5,800.9198374,16347973,1990.6289,8024.95618,31595.96684,52.69927237,99.0,51.66079124,81.94152293,98.9,7.6,135876,5796,12000,95354,98.9805
2013/05,100.1750585,5.484214698,31457.29937,52.25690294,41588.32,12.23944839,4.316454545,1630.73999,99.0782,117.8038248,267166,64.1,813.4178429,16354902,2105.1707,8081.487987,30954.12356,53.18350726,99.8,50.77190062,81.66882024,98.40315789,7.5,136091,5829,12000,95536,99.2802
2013/06,99.18694051,5.750362005,31789.50948,50.09727898,40623.3,12.95020333,4.303635,1606.280029,99.2141,120.566139,278285,64,781.8304642,16357421,2001.2296,8032.965483,31672.41418,51.60611691,99.6,51.73642603,81.61923793,96.4495,7.5,136269,5855,12004,95706,99.4436
2013/07,99.47881905,5.617168238,31896.53681,50.5095031,40837.88,12.7692,4.318304348,1685.72998,98.9132,126.0434183,250479,73.8,806.6178508,16362732,1890.2772,8083.107684,31944.40158,51.86698017,99.6,51.27137573,81.59219304,100.5540909,7.3,136391,5859,11984,95871,98.5984
2013/08,100.3785778,5.47947934,31738.28209,49.65606773,39492.37,12.88348387,4.30615,1632.969971,99.4891,125.0703545,271056,65.5,800.9033463,16414905,1953.6304,8166.603099,31763.48382,50.77832003,100.3,50.12679394,81.82432839,101.3063158,7.2,136635,5878,12014,96049,99.4279
2013/09,99.68160506,5.7619891,31409.91893,47.6413847,40185.23,13.08974333,4.104905,1681.550049,100.0172,120.7231044,253357,51.4,747.8799041,16508845,1828.3274,8238.401884,32060.20253,51.46920194,100.5,49.74824735,82.13233968,100.3435,7.2,136819,5910,12032,96174,99.4861
2013/10,100.6637568,5.558540006,31548.91596,44.20347304,41038.65,13.02170323,3.976856522,1756.540039,99.9038,118.3601082,297840,57.2,799.0087073,16652436,1911.9983,8376.027734,31906.53338,52.206076,100.7,50.20057054,82.52298816,94.89681818,7.2,137039,5931,12056,96353,99.6678
2013/11,100.3973563,5.097471073,31154.82905,43.87672759,42499.13,13.06409333,3.78953,1805.810059,100.1479,139.9870224,267343,67,793.4088951,16772971,1731.6637,8510.125841,31508.00194,52.34025723,100.6,50.77800585,83.29226516,89.49105263,6.9,137314,5963,12079,96561,99.6727
2013/12,100.9031383,5.901321183,31237.51769,47.15912244,42727.09,13.00104516,3.790335,1848.359985,100.3576,175.7217039,176651,67.7,828.8048204,16525061,1849.4966,8648.388935,32363.74503,53.14552823,101.1,53.57257996,83.7700583,92.2615,6.7,137368,5932,12083,96667,99.5066
2014/01,101.0309527,6.349904262,31955.51246,43.82179844,40879.75,13.20103871,3.781972727,1782.589966,99.9828,120.4057738,261043,70.2,768.2087305,16547040,1642.2232,8614.377566,30985.13409,52.82690722,100.5,52.63996767,84.51905163,90.1545,6.6,137552,5985,12081,96801,98.4046
2014/02,101.5834325,5.799064514,32662.24825,45.80203447,38782.89,13.29067143,3.787052632,1859.449951,100.7485,100.018365,260007,76.2,782.0252304,16672599,1719.2445,8748.159375,32612.4731,52.59458163,101.6,52.38204252,84.73315704,94.17947368,6.7,137707,6007,12106,96894,99.3521
2014/03,102.2670259,6.147584199,33005.05523,45.90495397,40461.6,13.21485161,3.801295,1872.339966,101.7391,114.5715923,291002,73.9,771.4773955,16781325,2098.2592,8738.105204,32492.21961,52.72520973,101.7,51.8216337,84.96529239,93.247,6.7,137986,6038,12120,97116,100.2411
2014/04,102.8641124,6.358743308,33201.82953,45.56320741,40711.56,13.07711667,3.806435,1883.949951,101.8023,113.9164639,261213,72.4,795.9399015,16837367,1976.3673,8786.498983,33449.28764,53.44515155,102.2,50.95688244,84.80677925,95.342,6.2,138298,6084,12134,97342,100.2186
2014/05,103.1371071,5.775518991,33739.52921,44.81750904,41362.51,12.95623226,3.802509524,1923.569946,102.2116,122.5721614,301283,67.7,797.1464928,16885220,2146.9543,8891.906773,33229.82156,52.66018732,102.8,50.47738732,84.53557906,97.63055556,6.3,138501,6109,12146,97528,100.5074
2014/06,103.1595346,5.915732422,33604.16829,45.50309596,42737.17,12.97570333,3.428647619,1960.22998,102.5637,120.6212335,301011,65.2,764.0907188,16928515,2043.4553,9050.303339,33316.46598,52.47287921,102.6,50.11110171,84.68207224,100.1909524,6.1,138833,6133,12170,97744,100.841
2014/07,102.0651452,6.47056576,33055.80906,47.54415511,43817.69,12.973,3.297508696,1930.670044,102.8425,127.6512837,275565,73.6,787.9043565,16965972,1998.1848,9166.899478,33114.10522,52.10261396,103.0,50.09442769,84.91495883,95.55047619,6.2,139076,6178,12189,97911,101.3987
2014/08,102.1744538,5.833616548,34443.42736,48.50868479,45628.09,13.15001935,3.298552381,2003.369995,102.6499,129.9339791,286708,66.6,766.1063968,17023661,2004.331,9183.766572,33693.23102,52.61812919,102.7,52.86091892,85.21996514,92.3145,6.1,139258,6210,12208,98087,100.8009
2014/09,102.6998547,5.593780887,33020.66733,47.57944854,44985.66,13.21131333,3.289314286,1972.290039,102.9647,118.5018221,267674,51.8,774.905508,17180093,1965.0674,9130.298393,33582.90294,52.57794685,102.7,51.65019281,85.59633992,89.42666667,5.9,139563,6242,12226,98295,100.8722
2014/10,103.5144932,5.730522103,32944.30389,47.94392177,45027.52,13.47454194,3.291913043,2018.050049,102.9704,121.0862431,330164,56.8,785.8933667,17352227,2042.1377,9368.578752,33798.73729,52.55470196,103.7,51.23196892,86.06962558,79.41904762,5.7,139805,6259,12259,98469,100.7754
2014/11,103.3742503,5.307371168,34717.38001,46.48376757,44190.47,13.59029667,3.287321053,2067.560059,103.6017,143.3898514,284816,66.6,763.1593889,17475077,1776.0464,9535.56662,32977.00179,52.80462454,104.0,51.27399818,86.76377787,72.37222222,5.8,140089,6272,12284,98701,101.4676
2014/12,103.4658495,4.897083207,33152.74956,44.11280161,43145.66,14.45303548,3.29972381,2058.899902,103.592,177.9480441,208498,71.2,846.9987712,17239587,2235.0127,9630.957416,32988.07457,52.7099557,104.1,50.5451945,87.18898371,52.77857143,5.6,140366,6293,12292,98938,101.2936
2015/01,102.7582341,5.141732613,32834.01146,43.44719954,40950.58,14.67395484,3.30162381,1994.98999,102.798,127.9226717,282077,74.5,764.6,17299371,1626.8265,9814.038681,31662.36137,53.11909245,104.3,49.82366033,87.11010277,39.222,5.7,140562,6320,12292,99103,100.708
2015/02,103.2295622,5.374474837,32236.66993,41.22385414,44190.17,14.904375,3.297089474,2104.5,102.1554,105.5530893,298614,78.8,773.71,17433062,1842.5174,9807.460206,31746.69205,52.9925672,104.5,50.6434801,87.27537713,47.44529412,5.5,140829,6361,12301,99314,99.9655
2015/03,102.710092,5.059581383,33195.33838,41.35114798,43724.78,15.20997097,3.302909524,2067.889893,101.8077,120.6401768,318608,74.9,772,17538198,2254.2732,9666.351336,32513.73524,52.95539267,104.7,49.84931668,87.63071699,46.29090909,5.4,140924,6334,12312,99449,100.2806
2015/04,103.8929036,5.042404709,33149.81573,39.71148833,44582.39,15.22745667,3.296515,2085.51001,101.2285,120.1478752,300726,76.1,788.44,17603315,2006.1882,9789.98492,32240.30748,52.3899594,105.8,51.55447297,87.40384038,52.315,5.4,141202,6392,12318,99644,100.2455
2015/05,102.7012229,5.338251832,32948.96801,39.79977192,44703.62,15.25360645,3.30117,2107.389893,100.7536,132.3090992,304384,71.1,783,17595860,2191.0587,9892.928856,31328.77879,52.70596434,105.3,50.80341646,86.96736583,57.17,5.6,141540,6427,12333,99947,100.2375
2015/06,103.2359301,5.089049528,33855.88332,40.05079968,45053.7,15.45055667,3.304663636,2063.110107,100.4529,127.5735469,323481,69.7,781,17674295,2156.0087,9858.297954,32336.83075,52.91337102,105.6,51.12984481,87.11310776,56.24714286,5.3,141695,6441,12334,100088,99.8551
2015/07,104.4433352,5.17149241,33283.37473,38.77568857,44752.93,15.87622903,3.303521739,2103.840088,101.11,137.5550385,271218,76.6,819.7,17718986,2234.8851,9929.652199,32358.58719,53.10668422,106.4,49.67201664,87.24081976,49.65285714,5.2,141989,6472,12349,100312,100.5954
2015/08,104.5940282,5.015814735,33924.67139,37.57419477,43721.96,16.50887742,3.316166667,1972.180054,100.8802,141.2225135,306315,69.8,784,17791345,2253.1487,9958.348277,31705.40318,52.39158428,106.6,49.01948683,87.42487529,38.63444444,5.1,142130,6490,12345,100441,100.234
2015/09,106.0963184,5.125401968,32662.19132,36.98614917,42632.54,16.83229,3.3343,1920.030029,100.608,129.2298765,295410,54.5,799.13,17908989,2055.1324,9883.588125,31524.11492,52.89791301,107.9,49.35480038,87.75241902,39.56277778,5,142265,6508,12354,100584,100.0236
2015/10,103.9752294,5.231073391,33009.38972,39.3457059,44542.76,16.59931935,3.305018182,2079.360107,100.151,133.6347618,344031,61.9,795.2,18055468,2068.8161,9967.876774,32104.39966,52.42960391,106.6,52.54389641,88.2039185,39.74454545,5,142585,6547,12362,100849,99.8928
2015/11,103.5656344,4.435307117,32636.99389,39.62556885,43418.55,16.63219333,3.3163,2080.409912,99.3817,153.0485282,309626,71.1,788,18187747,1895.1813,9857.13742,31040.08098,52.47697483,106.2,51.38645718,88.68546788,35.45666667,5.1,142810,6598,12357,101018,99.578
2015/12,103.9026088,5.432079783,31335.98052,39.14289634,42977.5,17.01277742,3.415127273,2043.939941,98.8572,193.9240153,235564,69.4,848,17884033,2200.7363,10119.05145,29728.04292,52.14512186,106.5,49.45332341,89.04681772,28.79857143,5,143083,6630,12362,101248,99.2995
2016/01,104.267361,4.784093552,31834.82621,38.93929761,43630.77,17.94564839,3.55659,1940.23999,99.4086,139.126188,279035,71.1,772,17953203,1932.4979,10237.1621,30817.27981,52.54078974,107.1,51.63239887,89.38638139,22.7125,4.8,143198,6631,12383,101338,99.7502
2016/02,104.53241,4.874305309,31541.03824,37.4186585,43714.93,18.45920345,3.75062,1932.22998,98.8946,115.4373472,283887,73.3,811,18095494,2082.2151,10194.5104,29674.27909,52.38284722,107.6,51.02883378,89.77778112,25.27666667,4.9,143410,6640,12365,101556,99.4265
2016/03,103.8680782,4.782436647,31127.12759,37.33668835,45881.08,17.67208387,4.062685,2059.73999,98.1385,128.2818104,280216,74.7,828,18154906,2191.1363,10160.87325,29207.94304,52.14940701,107.3,51.28928858,89.9100006,30.3935,5,143666,6678,12342,101777,99.3601
2016/04,103.3606937,4.486046435,32334.59099,38.47391148,45784.77,17.48096,4.064233333,2065.300049,98.4364,132.4019977,284563,71.8,812.67,18237468,2171.3015,10188.61594,30067.31709,52.39452456,107.1,51.14879644,89.62527796,32.63571429,5.1,143856,6702,12353,101940,99.196
2016/05,103.9460557,4.865787477,31560.30083,39.27042706,45459.45,18.05380323,4.075022727,2096.949951,98.2096,136.9559792,292337,69.3,815,18257802,2478.2101,10183.33545,30585.94074,52.38742949,107.8,50.84659839,89.22561452,38.3635,4.8,143901,6689,12332,102015,99.115
2016/06,103.4782427,4.602249451,31784.89099,39.61741737,45966.49,18.62126667,4.101218182,2098.860107,98.6766,135.115653,332231,70.7,839,18326071,2312.3136,10257.8398,30608.84683,52.18448946,108.2,46.90001867,89.32402789,40.47090909,4.9,144152,6701,12350,102264,99.3614
2016/07,103.6649314,4.40035035,32312.87241,38.33366209,46660.67,18.58810645,4.559785714,2173.600098,98.8371,152.0337114,294643,77.3,825,18348131,2248.6248,10314.30474,31379.27949,52.25689714,108.2,51.39339421,89.55691448,38.75578947,4.8,144515,6735,12372,102468,99.4487
2016/08,103.6118711,4.469698352,31793.54876,37.84201751,47541.32,18.4601129,4.590630435,2170.949951,98.7302,144.0717288,344696,69,827,18466227,2269.2888,10279.24845,31108.47179,52.78002047,108.3,51.05397602,89.80933349,38.59238095,4.9,144664,6736,12348,102649,99.0922
2016/09,103.6596366,5.05705467,33297.19465,38.96174283,47245.8,19.11921,4.611019048,2168.27002,98.6287,137.3010853,300919,58.2,819.88,18626402,2374.0707,10567.74794,32324.52597,52.47943114,109.0,50.74033085,90.35774385,37.808,5,144961,6768,12347,102878,99.29
2016/10,103.9491924,4.300190993,32265.95551,37.99024668,48009.28,18.97319355,5.108561905,2126.149902,98.7126,144.4439076,341156,64.5,812,18797954,2220.1971,10515.08203,32033.66292,52.67845354,109.3,50.30940388,90.90615422,41.27238095,4.9,145069,6799,12345,102986,99.4402
2016/11,105.0716462,4.384677521,32912.53592,38.44954602,45285.5,19.96946333,5.336275,2198.810059,98.3004,161.4852415,328858,71.7,829,18935841,2370.9655,10613.18858,32859.61285,52.16809251,109.7,49.08838283,91.61683394,37.8445,4.7,145189,6823,12342,103100,99.332
2016/12,104.3605284,4.469179372,33722.29349,38.354405,45642.9,20.54281613,5.839009524,2238.830078,98.9063,203.5671428,253963,71.1,885,18616624,2342.4602,10811.21496,32680.53105,52.35814357,110.3,48.8585419,92.0390348,44.791,4.7,145408,6818,12355,103283,99.2912
2017/01,104.4242804,4.030923968,33719.51829,35.91378116,47001.06,21.39549677,6.127995455,2278.870117,98.7349,142.2904819,295708,73.6,750,18699916,2147.8962,10832.68894,33042.66701,51.80350388,110.4,47.58457954,93.60388244,45.51,4.7,145639,6840,12366,103469,99.516
2017/02,103.9967721,3.638470768,33823.80408,33.53061034,46856.79,20.35245714,6.438763158,2363.639893,98.4178,116.2473006,319272,76.8,770,18853971,2141.9286,10861.36002,33268.993,51.78104187,109.8,46.59386838,94.14478034,45.53736842,4.6,145845,6881,12380,103603,99.5006
2017/03,104.8185372,4.067649227,34059.8976,35.66064293,48541.56,19.41648065,6.627954545,2362.719971,99.0726,130.4095658,383198,75.3,796,18994318,2618.4356,10931.4629,32985.61033,52.14390032,110.3,47.93009245,94.72248933,42.21565217,4.4,145975,6902,12393,103692,99.2128
2017/04,103.8326114,4.115406848,33865.53168,37.07051532,49261.33,18.78121667,6.866122222,2384.199951,100.0545,136.7598317,301814,77.3,770,19021083,2404.4485,10949.605,33303.40751,52.50233211,110.4,49.08671726,94.83893263,44.30333333,4.4,146172,6916,12400,103852,100.3682
2017/05,103.647832,3.934760212,34600.58735,38.44032508,48788.44,18.79970968,6.977881818,2411.800049,100.139,140.6145181,352392,72.5,811,19047825,2694.8252,10868.73617,33198.95805,52.59061438,110.0,52.7464124,94.72549432,44.222,4.4,146389,6931,12409,104027,100.1552
2017/06,104.033441,3.853040562,35108.8165,40.10350855,49857.49,18.20814667,7.2149,2423.409912,100.3148,137.8943112,359943,74.2,816,19134058,2552.3467,11068.59578,34233.98673,52.39733444,110.7,54.28015338,94.96363964,41.50190476,4.3,146588,6962,12422,104165,100.1335
2017/07,103.3406845,3.961091509,34590.18059,42.80357469,51011.87,17.85459032,7.366361905,2470.300049,100.1418,153.2647368,316519,79.6,789,19172222,2599.9785,11183.56371,33891.50988,51.84032743,110.0,53.88244841,95.32273574,43.78157895,4.3,146772,6968,12423,104326,99.8331
2017/08,103.7784091,4.036033215,35860.85858,43.30715558,51210.48,17.80649677,7.375591304,2471.649902,99.6878,144.9314736,383229,69.9,820,19292865,2617.6073,11090.20769,34224.03307,52.06833848,111.0,53.6365542,95.79376765,45.53285714,4.4,146907,7002,12467,104443,99.6166
2017/09,101.9716405,4.215882466,35515.33958,44.56763913,50346.06,17.80553667,7.376442857,2519.360107,99.7829,141.1124817,338822,56.7,794.75,19428916,2489.214,11325.15252,34255.125,50.72063148,109.8,51.87230128,96.09351524,48.37894737,4.3,146999,7013,12477,104489,99.6582
2017/10,103.9281259,4.112526227,36345.93989,42.80943828,48625.53,18.71361613,7.378977273,2575.26001,101.0401,142.9888538,398516,65.4,786,19623674,2842.5028,11306.91925,35061.10268,51.52948351,111.1,52.0844273,96.69826913,49.00142857,4.2,147147,7031,12490,104577,100.7491
2017/11,104.1720033,4.011027884,35881.44419,40.7443873,47092.44,18.98972667,7.37982,2584.840088,101.226,164.6131594,361807,75.8,821,19755991,2420.8104,11474.17352,36127.65922,51.71783053,111.8,52.52336346,97.69517399,53.493,4.2,147377,7068,12505,104732,100.7789
2017/12,105.1182112,3.863816521,37725.62924,41.94058242,49354.42,19.1012871,7.505247368,2673.610107,101.3878,206.2876843,274837,76,859,19418455,2760.5513,11709.3147,36501.02248,51.79191229,113.1,52.21121226,98.27288299,53.86263158,4.1,147521,7091,12533,104820,100.4778
2018/01,104.2763806,3.986570639,36437.74882,43.32194125,50456.17,19.00617419,7.636059091,2823.810059,101.345,152.5353966,315870,72.6,776.8,19532177,2267.623,11435.65938,35753.05019,51.33721295,111.8,52.48947513,98.7949997,58.53,4,147670,7093,12561,104942,100.0893
2018/02,104.6552353,3.911680744,37614.95884,44.70674716,47437.93,18.61594286,7.781915789,2713.830078,101.7068,125.5470847,341468,76.8,803,19696488,2244.4429,11466.69647,37116.08382,51.86478998,112.2,53.04496402,99.17137448,55.94722222,4.1,148058,7184,12584,105165,101.1146
2018/03,104.8553845,3.944392927,38993.96753,47.0416564,46124.85,18.6548871,7.834136842,2640.870117,102.2785,147.8844476,346110,76.8,782.8,19786997,2674.8575,11772.83326,38156.89211,52.69426883,113.1,53.03748711,99.49215698,55.821,4,148281,7194,12610,105336,101.205
2018/04,104.2692997,4.194550126,38104.27223,45.77122711,48358.16,18.34659,7.840461905,2648.050049,103.434,141.1361463,306313,76.2,817,19874106,2760.9455,11805.41899,37271.94647,51.5224419,112.7,51.69719743,99.15484705,58.4147619,4,148426,7212,12631,105417,101.9431
2018/05,105.4948974,3.685254931,38929.01241,44.01476423,44662.55,19.45514839,7.850959091,2705.27002,102.4735,152.7073667,367502,70,814,19908072,3155.952,11902.19044,36629.92557,51.5224219,113.2,51.72705531,98.99408017,64.0565,3.8,148755,7274,12657,105649,101.0712
2018/06,105.1526879,4.066300525,39218.87154,40.33502786,47663.2,20.31281,7.928114286,2718.370117,103.2508,153.3384741,369848,72.5,811,19894575,3140.6653,11989.48239,37153.64512,51.55043581,112.9,51.14716063,99.37646493,64.8175,4,148966,7292,12691,105771,101.7339
2018/07,105.0559304,3.806918495,39227.05944,45.34795817,49698.01,19.09663871,8.104227273,2816.290039,103.4588,165.8324452,315502,78.7,780.48,19949244,2858.0037,11914.97541,37391.32551,51.84541335,113.2,50.48978485,99.9090991,66.3552381,3.8,149022,7318,12711,105827,101.8353
2018/08,104.1187045,4.092191302,38971.09861,46.64321345,49547.68,18.80422903,8.106008696,2901.52002,104.1802,157.6854433,392528,67.7,783.97,20063433,2883.364,11957.39118,37893.73102,51.41986185,113.5,50.22026563,100.492,63.7265,3.8,149272,7347,12725,105993,102.1497
2018/09,104.6593671,3.764811254,39419.50651,44.67014684,49504.16,19.03591667,8.114085,2913.97998,104.1665,155.0826174,337364,53.4,786.87,20192960,2718.0975,12033.30918,39387.99669,51.58302109,113.6,51.13084446,100.917,68.95157895,3.7,149361,7375,12744,106029,102.1115
2018/10,103.7975835,3.669677163,39495.35073,44.49363527,43942.55,19.09211935,8.117917391,2711.73999,104.0476,153.7130179,391392,62.3,761.1,20356179,3017.3339,11964.89326,38308.90484,51.30164166,113.2,50.37674445,101.44,74.09434783,3.8,149526,7389,12767,106149,101.7088
2018/11,103.0047682,3.822919904,39824.51676,44.26218956,41732.78,20.25495,8.24542,2760.169922,103.9603,181.0744753,364959,73.2,770.73,20457926,2964.7711,12137.91429,37461.01772,51.23921953,113.1,49.25155528,102.303,60.42,3.8,149622,7386,12777,106249,101.2783
2018/12,102.4057206,4.548175281,37660.05958,41.87258972,41640.27,20.15294194,8.410310526,2506.850098,103.869,220.9341099,255465,71.9,790.93,20079365,2991.1708,12242.88549,37956.06736,51.29805171,112.5,50.00478853,103.02,50.62705882,3.9,149805,7396,12796,106359,101.4445
2019/01,103.0401085,3.980774824,38617.45428,46.51591968,43987.94,19.22744194,8.592259091,2704.100098,103.2684,162.4501974,350832,70.8,761.26,20174011,2484.7923,12331.99498,37709.50335,51.48596341,113.3,50.09196769,103.108,51.43761905,4,150114,7424,12833,106586,100.6521
2019/02,104.4450794,4.078516099,38392.28257,47.69714627,42823.81,19.18334286,8.5617,2784.48999,102.8157,135.4653044,331091,77.1,790.57,20299993,2467.0416,12314.3942,38423.30582,51.99091333,113.1,50.52718272,103.079,57.02294118,3.8,150092,7396,12822,106597,100.2042
2019/03,102.1108428,4.196090953,38359.71555,47.15784742,43281.28,19.24877742,8.51902,2834.399902,102.9,155.4265544,368180,76.9,796.71,20348508,2992.9243,12455.59807,38251.5555,51.62433615,112.3,50.56049257,103.476,59.96190476,3.8,150320,7422,12822,106763,100.1091
2019/04,102.9792143,3.957332514,39106.9383,48.06777247,44597.32,19.01630333,8.498155,2945.830078,102.3826,152.9915826,320973,74.1,794.9,20378927,2970.2291,12390.83103,38951.63546,52.80400704,112.5,51.45840991,103.531,63.634,3.6,150563,7459,12820,106936,99.4866
2019/05,101.6999515,4.287074509,38769.88242,48.75918632,42749.16,19.09190968,8.506554545,2752.060059,102.5756,167.2145665,373776,68.8,792.03,20382910,3317.6509,12608.134,39314.80682,51.89000555,112.4,48.49223458,103.233,62.145,3.7,150630,7486,12815,107023,99.5509
2019/06,103.0327753,4.14634075,37918.95535,44.56481247,43161.17,19.26677667,8.507475,2941.76001,102.5928,166.6789213,360817,70.9,807.97,20368666,3218.3491,12611.31116,38857.00147,52.00403039,112.6,48.10745742,103.299,57.66842105,3.6,150797,7511,12820,107155,99.8517
2019/07,102.5411137,4.176398188,38137.63333,43.04169903,40863.09,19.06189355,8.475221739,2980.379883,102.2012,174.7873973,318233,75.5,798.06,20385379,3293.6964,12577.6454,38553.41078,50.00841605,112.6,46.88241816,103.687,58.98571429,3.7,150879,7525,12826,107259,99.2399
2019/08,102.9436344,4.06961026,38176.55117,42.59348149,42622.5,19.58659032,8.369809091,2926.459961,102.9086,171.5617623,363193,64.4,800.55,20422010,3393.7313,12876.80156,39416.12168,50.60515605,112.9,48.78146897,103.67,50.18315789,3.7,151111,7530,12825,107421,99.9127
2019/09,102.6621966,4.103752405,37380.10118,42.09418633,43011.27,19.60990333,8.19711,2976.73999,102.579,165.3180702,341906,51.9,784.83,20567426,3101.2411,12858.07003,38136.83819,50.59394592,113.4,48.23887223,103.942,58.192,3.5,151318,7551,12823,107581,99.182
2019/10,100.340181,4.295188478,37251.4908,40.87212473,43337.28,19.36886452,7.998604348,3037.560059,101.7775,163.704364,337313,60.5,794.42,20727424,3155.0148,12875.02755,37547.03729,50.22008192,112.8,48.65426904,104.503,48.82681818,3.6,151447,7556,12772,107725,98.4407
2019/11,101.5390861,4.386718811,36675.5544,40.25406972,42820.18,19.30748,7.872655,3140.97998,102.0979,199.3629973,322032,71.2,798.03,20803652,2924.9149,12975.01094,37631.02058,50.06478009,112.3,48.94662666,105.346,50.595,3.6,151662,7545,12815,107880,99.115
2019/12,101.2444568,3.92608575,36434.51022,39.71643429,43541.02,19.16931935,7.696525,3230.780029,101.7632,238.6088386,224869,71.9,833.87,20421442,3119.1723,13168.28728,37618.83665,49.66109523,112.0,48.39732238,105.934,54.9065,3.6,151764,7528,12801,108018,98.9808
2020/01,101.8632659,4.24097125,37093.89736,38.88992437,44108.31,18.81445484,7.530281818,3225.52002,101.303,173.8217112,342142,70.5,788.9,20490397,2620.8224,13200.02515,39095.67085,49.86400065,113.3,50.60821341,106.447,53.89714286,3.5,152098,7580,12790,108257,98.871
2020/02,102.0783824,4.593235537,36470.7285,37.69005195,41324.31,18.77705172,7.390531579,2954.219971,101.7038,149.8246266,348436,75.4,773.17,20613536,2731.9385,13332.37323,37689.58601,50.31436304,111.7,49.75477918,106.889,45.38684211,3.5,152371,7608,12785,108421,99.1914
2020/03,97.95213225,4.070854148,34759.10457,31.96191488,34554.53,21.97383871,7.10067619,2584.590088,97.8746,162.1098962,282759,46.2,751.61,20482943,4044.8095,13523.31719,36477.29218,47.35124918,109.6,38.42466253,106.838,23.25954545,4.4,150944,7539,12720,107168,94.9624
2020/04,73.78922904,5.228154072,27077.52201,18.73173541,36470.11,24.23988333,6.53773,2912.429932,84.959,122.5462577,6373,1.5,514.37,19927696,2909.5076,13850.49757,22681.62181,42.55452535,90.3,34.95278573,105.755,12.23428571,14.7,130430,6527,11414,89943,80.3952
2020/05,72.60193654,5.37209495,22033.33761,16.51141979,36122.73,23.58031935,5.99545,3044.31,86.3345,140.1258067,26973,1.1,543.26,19583170,3445.4017,13922.69714,18264.24613,39.2936816,87.8,37.30920202,106.162,24.71722222,13.2,133055,7009,11646,92410,83.9311
2020/06,86.50894746,6.392160818,27524.56337,18.67617644,37716.43,22.26917667,5.648704545,3100.29,91.7523,141.1770463,262261,2.9,627.8,19499859,3536.9615,13819.98094,31881.86261,49.3863208,96.3,42.48889687,106.743,33.54272727,11,137620,7170,11977,96487,90.2099
2020/07,91.31899285,6.322938125,28159.63572,21.87328324,37019.68,22.48029677,5.231469565,3271.12,95.2439,163.4262165,314795,12.7,666.2580645,19495952,3531.8212,13937.89064,35096.1428,49.8765435,101.7,46.28331056,107.444,37.488,10.2,139064,7195,12018,97774,93.5004
2020/08,94.74521602,6.211274328,30810.89037,22.66092324,36840.73,22.23106774,4.967419048,3500.31,96.1173,171.047077,314636,16.4,676.2258065,19588342,3574.2006,13957.17267,37976.04075,50.3569428,103.7,47.3755753,107.867,40.31,8.4,140799,7225,12044,98959,94.8364
2020/09,96.75275989,6.144970984,32671.77475,24.61233775,37458.69,21.60516,4.720285714,3363,96.0711,169.61634,325521,19.8,689.7,19702192,3569.9955,13955.81881,37816.93843,50.11921071,106.6,49.67738458,108.114,37.575,7.9,141760,7256,12101,99925,94.8366
2020/10,97.47136196,5.909339948,33418.69192,25.50976799,36987.86,21.38084516,4.532459091,3269.959961,96.825,172.708104,362217,28.1,695.9677419,19902833,3601.7004,13971.01946,40129.87426,50.80504141,107.8,48.33852047,108.774,36.4547619,6.9,142479,7310,12125,100721,95.8147
2020/11,98.16733996,5.912904277,35654.58607,27.02148413,41778.87,20.5333,4.498610526,3621.629883,97.1183,209.7298732,324675,33.9,703.2333333,20051552,3387.336,14229.58741,39065.98703,50.6133356,108.5,49.75878414,108.856,38.99411765,6.7,142743,7317,12159,101032,96.358
2020/12,97.68662133,5.269115385,36360.7734,27.44638915,44066.88,19.97817419,4.485686364,3756.070068,98.138,229.5417027,266463,35.3,736.4193548,19773732,3650.0589,14384.78764,40185.17766,51.27946258,108.5,48.6807703,109.271,45.56190476,6.7,142475,7355,12199,100693,96.7461
2021/01,96.21937906,6.337041268,37583.00543,26.69608342,42985.73,19.90261613,4.468395,3714.23999,99.2645,162.8709434,291284,25.69,669.7419355,19821651,3287.3901,14520.44233,40606.8398,51.73463606,108.1,49.14566349,110.21,51.05526316,6.3,142969,7363,12196,101079,98.3236
2021/02,97.43343675,5.464184264,36435.23993,27.73073509,44592.91,20.29247857,4.362863158,3811.149902,96.2231,150.4239251,249082,25.09,647.25,19936938,3170.7425,14457.88614,37985.74009,50.345076,107.0,50.15233574,110.907,58.08333333,6.2,143544,7291,12222,101697,94.7465
2021/03,97.88774271,5.684507957,43873.92147,29.37335958,47246.26,20.76205161,4.283331818,3972.89,98.8621,176.3755671,319640,35.07,711.3548387,20025709,4157.3441,14533.33276,39974.12862,51.57070861,110.0,50.5367339,111.824,60.64863636,6.1,144328,7395,12270,102233,97.723
2021/04,97.87392427,5.901896012,39892.06848,32.45745145,48009.72,20.10944,4.28445,4181.17,99.0246,183.2066553,282032,42.09,724.7666667,20070483,4048.3026,14566.12673,39789.10771,50.57100389,109.6,52.24324564,112.19,59.479,6.1,144614,7406,12228,102495,97.6707
2021/05,97.58972851,5.226975251,41559.29485,34.71666345,50885.95,19.99876774,4.28512381,4204.11,99.7785,191.2717261,254258,45.17,730.9032258,20109444,4525.8605,14668.04461,40956.2347,51.08916518,109.5,53.49168388,112.419,62.49,5.8,145096,7394,12259,102957,98.6103
2021/06,97.08143117,5.160514417,41580.54284,37.00426953,50289.75,20.04271667,4.31705,4297.5,100.1923,173.788944,285009,54.17,749.3666667,20175380,4457.5306,14530.75557,40835.55368,51.87884537,109.0,53.63779775,113.018,67.45714286,5.9,145789,7400,12276,103554,98.5774
2021/07,97.72792446,5.415590736,43963.10336,38.92520163,50868.32,19.98552258,4.519322727,4395.26,100.8724,191.5355257,248355,57.46,765.0645161,20291923,4545.0595,14687.09421,41326.26126,52.34993256,108.9,52.19484453,113.682,68.756,5.4,146558,7415,12349,104196,99.6776
2021/08,98.62889088,5.25550108,42694.70135,37.45142509,53304.74,20.05124839,4.645490909,4522.68,100.837,181.9940899,253854,49.59,749.4569879,20420823,4748.7471,14738.44085,40432.99783,52.53141921,107.2,50.64515029,113.899,64.29380952,5.2,147221,7431,12395,104731,99.3527
2021/09,96.85925445,5.215855812,42386.77431,37.07727319,51385.55,19.99092,4.74612381,4307.54,99.8498,189.8006845,220449,43.86,714.0179963,20594919,4408.9427,14791.26508,41082.13897,53.08661192,107.6,50.99435171,114.601,67.60105263,4.8,147778,7472,12437,105231,98.5784
2021/10,98.17208464,4.941375499,43379.10241,39.40179335,51309.84,20.47244194,4.975090476,4605.38,101.3602,196.1964061,271484,54.17,735.6138048,20767587,4822.0725,14886.45386,41548.8113,52.41156367,107.9,52.36214058,115.561,76.503,4.5,148559,7514,12496,105944,100.2511
2021/11,98.46801486,4.851916813,44611.70415,39.50939813,49698.72,20.78256,5.125545,4567,101.961,233.219619,269950,66.08,739.0261471,20933050,4661.5952,15128.75712,44879.36333,52.61301313,108.8,50.71513531,116.884,73.04176471,4.2,149173,7560,12540,106463,100.8291
2021/12,99.31579632,4.906710606,46217.86982,40.25542931,53272.44,20.9853,5.442573913,4766.18,101.7587,266.2683751,249461,69.31,780.6285827,20620148,4752.2797,15300.18302,44660.93909,52.42716926,109.8,52.29136687,117.308,66.54105263,3.9,149742,7594,12584,106929,100.7976
2022/01,99.9482281,4.796022632,44710.44758,38.92874488,51330.85,20.48353548,5.723766667,4515.55,102.146,200.4941313,288537,60.24,686.5809014,20762419,3918.163,15172.20935,41977.82459,51.22864976,110.0,49.14129443,118.002,77.75473684,4,150106,7590,12617,107246,100.4851
2022/02,99.80023889,5.162070768,48926.5961,44.4044014,53400.61,20.48437143,6.022657895,4373.94,102.8987,171.3328507,283604,66.66,673.1726527,20941286,3911.325,15289.22737,48455.48019,52.76081573,110.0,51.63851306,118.981,86.901875,3.8,151010,7669,12654,108022,101.7173
2022/03,100.2050126,4.322229299,49421.30235,40.77359291,56536.68,20.60089355,6.334718182,4530.41,103.5717,195.6005039,322016,73.06,751.4662131,21005852,4692.4805,15340.31076,47612.40671,53.58363256,110.5,53.71931318,120.159,104.4204762,3.6,151424,7692,12716,108354,102.4339
2022/04,100.5825267,4.012588749,51854.48292,41.58823723,51417.97,20.04451667,6.731826316,4131.93,104.2709,213.2525468,266905,74.42,810.7377364,21011342,4707.8154,15402.53501,47964.70699,53.20762896,111.6,52.79358776,120.809,98.73526316,3.6,151678,7698,12768,108513,102.9031
2022/05,100.8612085,4.191133408,51878.81011,43.14193461,51752.53,20.1133129,7.013790909,4132.15,104.1646,217.2846808,288923,71.02,808.1662912,21008487,5141.9322,15519.23238,48577.92592,53.44359342,111.7,51.99006851,121.022,106.3229412,3.6,152042,7736,12789,108795,102.4763
2022/06,100.7939953,4.275527875,54833.99045,43.16432973,47524.45,19.96649667,7.421636364,3785.38,103.9464,191.6892052,302693,70.88,823.4782609,21068708,5143.9562,15479.20516,49058.72644,51.93220692,111.4,51.65100105,122.044,110.0280952,3.6,152412,7749,12819,109127,101.7132
2022/07,101.3370969,4.099066261,52806.80273,41.1186142,48144.33,20.53080968,8.037290476,4130.29,104.4824,218.7335703,276322,73.4,812.9677419,21079434,5301.4216,15768.02257,48771.50461,51.81067724,111.9,51.95332433,122.948,95.64,3.5,152980,7773,12860,109549,102.1307
2022/08,101.4552794,4.046284682,51724.56595,41.01910674,44919.22,20.12612903,8.498047826,3955,104.4696,207.6552566,337012,68.3,818.2903226,21236866,5123.8128,15703.56573,48967.63396,51.75304196,112.3,51.95300782,123.803,87.31863636,3.7,153332,7781,12891,109818,102.3092
2022/09,101.0892939,3.916194139,51340.07273,40.12484814,44626.8,20.06400667,8.891095238,3585.62,104.8292,209.9195571,292224,60.48,802.4,21409358,5036.8212,15728.66384,51460.20114,51.4770191,113.1,51.10196228,124.571,80.074,3.5,153682,7797,12917,110118,102.5138
2022/10,101.5506782,4.134128812,50139.4726,40.1255621,49922.3,20.02421935,9.562538095,3871.98,104.7972,220.5247605,295787,68.66,759.0645161,21617326,5359.8466,15757.09475,48990.1488,52.12780685,113.0,51.55992371,125.276,81.22210526,3.7,154006,7814,12954,110360,102.8422
2022/11,101.705585,3.822122623,47982.23048,39.57694096,51684.86,19.49753333,9.998965,4080.11,104.1863,253.2765062,296316,75.73,798.1,21718601,4801.0523,16043.92715,48155.35714,52.34886932,112.5,53.3317148,125.997,78.07823529,3.6,154296,7833,12968,110547,101.7142
2022/12,102.3890239,3.92449772,49289.37062,38.78032585,48463.86,19.56903226,10.52537619,3839.5,103.4332,288.3686502,258747,76.13,825.4516129,21372896,5358.8038,16448.09663,47461.60588,51.64339622,113.1,53.15370997,126.478,65.904,3.5,154556,7859,12980,110773,100.3869
